{"cameraMode":{"drawMode":0,"name":"Shaded","section":"Shading Mode"},"sceneLighting":true,"audioPlay":false,"sceneViewState":{"m_AlwaysRefresh":false,"showFog":true,"showSkybox":true,"showFlares":true,"showImageEffects":true,"showParticleSystems":true,"showVisualEffectGraphs":true,"m_FxEnabled":true},"in2DMode":false,"pivot":{"x":541.8961181640625,"y":-5.944869041442871,"z":17.155534744262697},"rotation":{"x":-0.023935377597808839,"y":-0.07191695272922516,"z":-0.0017273210687562824,"w":0.997126042842865},"size":11.4431791305542,"orthographic":true}