{"cameraMode":{"drawMode":0,"name":"Shaded","section":"Shading Mode"},"sceneLighting":true,"audioPlay":false,"sceneViewState":{"m_AlwaysRefresh":false,"showFog":true,"showSkybox":true,"showFlares":true,"showImageEffects":true,"showParticleSystems":true,"showVisualEffectGraphs":true,"m_FxEnabled":true},"in2DMode":false,"pivot":{"x":533.0049438476563,"y":-15.90919017791748,"z":-27.94640350341797},"rotation":{"x":-0.0029974007047712805,"y":-0.04348845034837723,"z":-0.00013075012248009443,"w":0.9990732669830322},"size":45.89265823364258,"orthographic":true}