{"cameraMode":{"drawMode":0,"name":"Shaded","section":"Shading Mode"},"sceneLighting":true,"audioPlay":false,"sceneViewState":{"m_AlwaysRefresh":false,"showFog":true,"showSkybox":true,"showFlares":true,"showImageEffects":true,"showParticleSystems":true,"showVisualEffectGraphs":true,"m_FxEnabled":true},"in2DMode":false,"pivot":{"x":69.76306915283203,"y":8.278003692626954,"z":-97.9869384765625},"rotation":{"x":0.05247033014893532,"y":-0.014978984370827675,"z":0.0007857021992094815,"w":0.9985190629959106},"size":16.333683013916017,"orthographic":true}