{"cameraMode":{"drawMode":0,"name":"Shaded","section":"Shading Mode"},"sceneLighting":true,"audioPlay":false,"sceneViewState":{"m_AlwaysRefresh":false,"showFog":true,"showSkybox":true,"showFlares":true,"showImageEffects":true,"showParticleSystems":true,"showVisualEffectGraphs":true,"m_FxEnabled":true},"in2DMode":false,"pivot":{"x":509.8834228515625,"y":-1.192868709564209,"z":12.266891479492188},"rotation":{"x":-0.023935377597808839,"y":-0.07191695272922516,"z":-0.0017273210687562824,"w":0.997126042842865},"size":39.351959228515628,"orthographic":true}