{"cameraMode":{"drawMode":0,"name":"Shaded","section":"Shading Mode"},"sceneLighting":true,"audioPlay":false,"sceneViewState":{"m_AlwaysRefresh":false,"showFog":true,"showSkybox":true,"showFlares":true,"showImageEffects":true,"showParticleSystems":true,"showVisualEffectGraphs":true,"m_FxEnabled":true},"in2DMode":false,"pivot":{"x":32.4780158996582,"y":20.706035614013673,"z":-2.056307077407837},"rotation":{"x":0.15823237597942353,"y":-0.48567959666252139,"z":0.08988498896360398,"w":0.8549841642379761},"size":20.644943237304689,"orthographic":true}